<?xml version="1.0"?>
<!--<!DOCTYPE metadata SYSTEM "http://www.esri.com/metadata/esriprof80.dtd">-->
<metadata xml:lang="en"><Esri><CreaDate>20120411</CreaDate><CreaTime>14180200</CreaTime><SyncOnce>TRUE</SyncOnce><DataProperties><lineage><Process ToolSource="C:\ARCGIS9\ArcGIS\ArcToolbox\Toolboxes\Conversion Tools.tbx\RasterToPolygon" Date="20090511" Time="153135">RasterToPolygon cell5m_hc27_summary_scaled_predom.asc "F:\GIS - Soil Database\HC27 v1.10\cell5m_hc27id_predom.shp" NO_SIMPLIFY Value</Process><Process ToolSource="C:\ARCGIS9\ArcGIS\ArcToolbox\Toolboxes\Data Management Tools.tbx\DefineProjection" Date="20090511" Time="163910">DefineProjection "HC27 CLASSES (Predominant)" GEOGCS['GCS_WGS_1984',DATUM['D_WGS_1984',SPHEROID['WGS_1984',6378137.0,298.257223563]],PRIMEM['Greenwich',0.0],UNIT['Degree',0.0174532925199433]] "HC27 CLASSES (Predominant)"</Process></lineage><itemProps><itemLocation><linkage Sync="TRUE">file://\\CS8677\G$\GIS - Soil Database\HC27 v1.10\HC27 CLASSES (Predominant)\commondata\data0\cell5m_hc27id_predom</linkage><protocol Sync="TRUE">Local Area Network</protocol></itemLocation></itemProps><copyHistory><copy source="g:\gis - soil database\hc27 v1.10\cell5m_hc27id_predom" dest="\\CS8677\G$\GIS - Soil Database\HC27 v1.10\HC27 CLASSES (Predominant)\commondata\data0\cell5m_hc27id_predom" date="20120411" time="14180200"></copy></copyHistory></DataProperties><ArcGISFormat>1.0</ArcGISFormat></Esri></metadata>
